INSERT INTO physical_instruments (instrument_id,brand,price)
VALUES
  ('IDK73CHC8HN','adipiscing',5),
  ('GWE15JCF4VD','arcu.',5),
  ('QXK04ASL7NK','purus,',4),
  ('KPL82UOS3WH','massa',10),
  ('XAJ62ADQ2IF','Duis',8),
  ('RNG64HXJ7TL','ornare,',7),
  ('NEB17RND7TM','volutpat',1),
  ('OAY64UTW5NM','ipsum',5),
  ('WGO59GQC1JF','sit',5),
  ('JKB29LEY5EN','neque',5),
  ('NJO25LAO2KP','ligula',4),
  ('QLD54BEF7WT','Proin',4),
  ('KSA42BTS2NB','vitae',6),
  ('FEY65ZUM2JN','nisl',1),
  ('OGO15SQJ5UI','condimentum',5),
  ('OSL67PGJ9ON','auctor,',1),
  ('MHP01YWP4VK','pretium',5),
  ('SMR76JKM3IQ','In',10),
  ('VMB79PIG6MR','Ut',3),
  ('IBS84YTI3SA','magna.',7);

INSERT INTO administrators (personal_number,full_name,email,employee_id,salary)
VALUES
  ('WEU22WRS2FJ','Len Rowe','etiam.bibendum@outlook.net','BND32EZR0RP',27838),
  ('NIC20TBT2IK','Levi Johnson','erat.vel@aol.couk','KYV01LIJ1PC',17178),
  ('KXU58CVY1MF','Quynn Wilcox','nunc.quisque@yahoo.org','KYY44IYS8DA',29091),
  ('HMU82HNU3BN','Arthur Barlow','gravida.praesent.eu@outlook.edu','EVY45MBZ1OB',48928),
  ('QNO05YVI1DI','Marshall Whitley','ligula@aol.ca','XWK73XUE0QF',36318),
  ('HBH81IUG0HY','Jada Franklin','faucibus.morbi@google.com','DYM43SHX3LF',36981),
  ('TEQ56THE4ZI','Adele Russo','lobortis@icloud.org','IBU12FMJ6OG',13010),
  ('QYC07ESH2UQ','Dahlia Pearson','fermentum.metus@google.ca','WHL35OKL5CK',39457),
  ('MST35IYK1WH','Dora Conley','maecenas.libero@icloud.net','QDP04DIF8FY',13381),
  ('UUW21TUP5UV','Shad Cameron','egestas.rhoncus@protonmail.couk','NNW88ORS6WW',38690),
  ('PSP40GMV2TT','Simon Henderson','sed@yahoo.net','GTC21KSY5IG',38955),
  ('EKE78FNM1TV','Aline Gallegos','elit.nulla@yahoo.edu','LET81FSE6IZ',29701),
  ('AHD22FZC5AS','August Stuart','faucibus.orci.luctus@aol.couk','LWI81EIL6ZB',14702),
  ('OOD36GJB7EF','Norman Chase','molestie.in@icloud.com','MON64XNT2VZ',17562),
  ('DID81SOU5TP','Malik Norman','praesent@google.edu','EDX81DGF2BX',40607),
  ('YYP94UHP7IG','Ulric Dixon','enim.commodo@icloud.couk','BKB47TBO0XG',29408),
  ('HLK09UYU7FY','Kay Whitaker','ullamcorper.velit@aol.ca','SIB70SDY3UI',35090),
  ('WJM56TGC7VO','Alika Key','et@google.org','WEJ78PLT0JL',13635),
  ('TZT57HDU1TN','Josiah Young','phasellus.nulla@hotmail.com','HAT56SBG5WV',29863),
  ('TDZ87RNU9TE','Melyssa Bond','nec.cursus.a@icloud.org','UWF51GPN6CO',40275);

INSERT INTO instructors (personal_number,full_name,email,employee_id)
VALUES
  ('WEU22WRS2FJ','Len Rowe','etiam.bibendum@outlook.net','BND32EZR0RP'),
  ('NIC20TBT2IK','Levi Johnson','erat.vel@aol.couk','KYV01LIJ1PC'),
  ('KXU58CVY1MF','Quynn Wilcox','nunc.quisque@yahoo.org','KYY44IYS8DA'),
  ('HMU82HNU3BN','Arthur Barlow','gravida.praesent.eu@outlook.edu','EVY45MBZ1OB'),
  ('QNO05YVI1DI','Marshall Whitley','ligula@aol.ca','XWK73XUE0QF'),
  ('HBH81IUG0HY','Jada Franklin','faucibus.morbi@google.com','DYM43SHX3LF'),
  ('TEQ56THE4ZI','Adele Russo','lobortis@icloud.org','IBU12FMJ6OG'),
  ('QYC07ESH2UQ','Dahlia Pearson','fermentum.metus@google.ca','WHL35OKL5CK'),
  ('MST35IYK1WH','Dora Conley','maecenas.libero@icloud.net','QDP04DIF8FY'),
  ('UUW21TUP5UV','Shad Cameron','egestas.rhoncus@protonmail.couk','NNW88ORS6WW'),
  ('PSP40GMV2TT','Simon Henderson','sed@yahoo.net','GTC21KSY5IG'),
  ('EKE78FNM1TV','Aline Gallegos','elit.nulla@yahoo.edu','LET81FSE6IZ'),
  ('AHD22FZC5AS','August Stuart','faucibus.orci.luctus@aol.couk','LWI81EIL6ZB'),
  ('OOD36GJB7EF','Norman Chase','molestie.in@icloud.com','MON64XNT2VZ'),
  ('DID81SOU5TP','Malik Norman','praesent@google.edu','EDX81DGF2BX'),
  ('YYP94UHP7IG','Ulric Dixon','enim.commodo@icloud.couk','BKB47TBO0XG'),
  ('HLK09UYU7FY','Kay Whitaker','ullamcorper.velit@aol.ca','SIB70SDY3UI'),
  ('WJM56TGC7VO','Alika Key','et@google.org','WEJ78PLT0JL'),
  ('TZT57HDU1TN','Josiah Young','phasellus.nulla@hotmail.com','HAT56SBG5WV'),
  ('TDZ87RNU9TE','Melyssa Bond','nec.cursus.a@icloud.org','UWF51GPN6CO');

INSERT INTO private_lesson (lesson_id,skill_level,instrument,instructor_id)
VALUES
  ('TIE70OMC2SD','Beginner','Guitar',1),
  ('CCQ43GIE1BV','Intermediate','Guitar',2),
  ('NIM77SGF4VK','Advanced','Guitar',3),
  ('FJY34VPJ1GC','Beginner','Piano',4),
  ('BYJ81JJT7JV','Intermediate','Piano',5),
  ('MTV57WJQ5PK','Advanced','Piano',6),
  ('CPI64CIJ2WG','Beginner','Drums',7),
  ('IOH55HED6XB','Intermediate','Drums',8),
  ('TVK54WNR3BF','Advanced','Drums',9),
  ('LXK68PKE1YD','Beginner','Guitar',10),
  ('CZP91QBQ5JY','Intermediate','Guitar',11),
  ('QQT66EVF4KV','Advanced','Guitar',12),
  ('QMQ52YLF4HY','Beginner','Piano',13),
  ('NCO67YLP9RO','Intermediate','Piano',14),
  ('VOG58VVS5HQ','Advanced','Piano',15),
  ('QLS42QGQ4PI','Beginner','Drums',16),
  ('LTZ25VEU9TX','Intermediate','Drums',17),
  ('OFC27FAZ0ZK','Advanced','Drums',18),
  ('QFH81MSZ7JV','Beginner','Guitar',19),
  ('HRY98FRV2PT','Intermediate','Guitar',20);

INSERT INTO group_lesson (lesson_id,skill_level,instrument,instructor_id,min_number_of_students,max_number_of_students)
VALUES
  ('TIE70OMC2SD','Beginner','Guitar',1,10,56),
  ('CCQ43GIE1BV','Intermediate','Guitar',2,10,43),
  ('NIM77SGF4VK','Advanced','Guitar',3,9,60),
  ('FJY34VPJ1GC','Beginner','Piano',4,7,32),
  ('BYJ81JJT7JV','Intermediate','Piano',5,9,33),
  ('MTV57WJQ5PK','Advanced','Piano',6,9,42),
  ('CPI64CIJ2WG','Beginner','Drums',7,7,49),
  ('IOH55HED6XB','Intermediate','Drums',8,8,35),
  ('TVK54WNR3BF','Advanced','Drums',9,9,50),
  ('LXK68PKE1YD','Beginner','Guitar',10,9,35),
  ('CZP91QBQ5JY','Intermediate','Guitar',11,7,38),
  ('QQT66EVF4KV','Advanced','Guitar',12,9,46),
  ('QMQ52YLF4HY','Beginner','Piano',13,10,52),
  ('NCO67YLP9RO','Intermediate','Piano',14,9,44),
  ('VOG58VVS5HQ','Advanced','Piano',15,10,33),
  ('QLS42QGQ4PI','Beginner','Drums',16,8,39),
  ('LTZ25VEU9TX','Intermediate','Drums',17,9,52),
  ('OFC27FAZ0ZK','Advanced','Drums',18,8,45),
  ('QFH81MSZ7JV','Beginner','Guitar',19,10,57),
  ('HRY98FRV2PT','Intermediate','Guitar',20,7,57);

INSERT INTO ensemble (lesson_id,skill_level,genre,instructor_id,min_number_of_students,max_number_of_students)
VALUES
  ('TIE70OMC2SD','Beginner','Rock',1,10,56),
  ('CCQ43GIE1BV','Intermediate','Rock',2,10,43),
  ('NIM77SGF4VK','Advanced','Rock',3,9,60),
  ('FJY34VPJ1GC','Beginner','Jazz',4,7,32),
  ('BYJ81JJT7JV','Intermediate','Jazz',5,9,33),
  ('MTV57WJQ5PK','Advanced','Jazz',6,9,42),
  ('CPI64CIJ2WG','Beginner','Blues',7,7,49),
  ('IOH55HED6XB','Intermediate','Blues',8,8,35),
  ('TVK54WNR3BF','Advanced','Blues',9,9,50),
  ('LXK68PKE1YD','Beginner','Classical',10,9,35),
  ('CZP91QBQ5JY','Intermediate','Classical',11,7,38),
  ('QQT66EVF4KV','Advanced','Classical',12,9,46),
  ('QMQ52YLF4HY','Beginner','Rock',13,10,52),
  ('NCO67YLP9RO','Intermediate','Rock',14,9,44),
  ('VOG58VVS5HQ','Advanced','Rock',15,10,33),
  ('QLS42QGQ4PI','Beginner','Jazz',16,8,39),
  ('LTZ25VEU9TX','Intermediate','Jazz',17,9,52),
  ('OFC27FAZ0ZK','Advanced','Jazz',18,8,45),
  ('QFH81MSZ7JV','Beginner','Blues',19,10,57),
  ('HRY98FRV2PT','Intermediate','Blues',20,7,57);
  
INSERT INTO time_slot (date,time,classroom,private_lesson_id)
VALUES
  ('Aug 14, 2023','10:04 PM','FID12HFR8MQ',1),
  ('Aug 21, 2023','1:44 AM','LMR05KXR4TF',2),
  ('May 14, 2022','2:04 PM','VCK75STT7YH',3),
  ('Oct 27, 2022','12:57 AM','BQC84XPY1DR',4),
  ('Jan 17, 2023','8:07 PM','RFG39HUC3JB',5),
  ('Aug 10, 2022','4:30 AM','EBX72IXA8XF',6),
  ('Apr 9, 2023','7:28 AM','WWH56MYF6RE',7),
  ('Oct 6, 2023','5:02 PM','MLX02HWD6LG',8),
  ('Mar 26, 2022','7:21 AM','OMK33FID7NW',9),
  ('Mar 5, 2023','11:04 AM','IIG31OHN2KD',10),
  ('Feb 25, 2022','8:22 PM','UTG53UFU8UN',11),
  ('May 27, 2023','8:10 AM','URY62XGT4PR',12),
  ('Feb 18, 2023','6:02 PM','KOP77LNN8GR',13),
  ('Oct 13, 2022','12:04 PM','BRO34ASO6KJ',14),
  ('Aug 31, 2023','11:37 AM','ZRO36TXH8PG',15),
  ('Apr 12, 2022','4:41 PM','JWN46TJX8BV',16),
  ('Jan 15, 2023','2:43 PM','TKZ45OTO3BZ',17),
  ('Feb 28, 2022','9:26 PM','DXB78GPF2HN',18),
  ('Dec 15, 2021','12:20 AM','AOL97GHB1TK',19),
  ('Mar 12, 2023','10:50 AM','FWQ16OYN7JO',20);

INSERT INTO time_slot (date,time,classroom,group_lesson_id)
VALUES
  ('Aug 14, 2023','10:04 PM','FID12HFR8MQ',1),
  ('Aug 21, 2023','1:44 AM','LMR05KXR4TF',2),
  ('May 14, 2022','2:04 PM','VCK75STT7YH',3),
  ('Oct 27, 2022','12:57 AM','BQC84XPY1DR',4),
  ('Jan 17, 2023','8:07 PM','RFG39HUC3JB',5),
  ('Aug 10, 2022','4:30 AM','EBX72IXA8XF',6),
  ('Apr 9, 2023','7:28 AM','WWH56MYF6RE',7),
  ('Oct 6, 2023','5:02 PM','MLX02HWD6LG',8),
  ('Mar 26, 2022','7:21 AM','OMK33FID7NW',9),
  ('Mar 5, 2023','11:04 AM','IIG31OHN2KD',10),
  ('Feb 25, 2022','8:22 PM','UTG53UFU8UN',11),
  ('May 27, 2023','8:10 AM','URY62XGT4PR',12),
  ('Feb 18, 2023','6:02 PM','KOP77LNN8GR',13),
  ('Oct 13, 2022','12:04 PM','BRO34ASO6KJ',14),
  ('Aug 31, 2023','11:37 AM','ZRO36TXH8PG',15),
  ('Apr 12, 2022','4:41 PM','JWN46TJX8BV',16),
  ('Jan 15, 2023','2:43 PM','TKZ45OTO3BZ',17),
  ('Feb 28, 2022','9:26 PM','DXB78GPF2HN',18),
  ('Dec 15, 2021','12:20 AM','AOL97GHB1TK',19),
  ('Mar 12, 2023','10:50 AM','FWQ16OYN7JO',20);

INSERT INTO time_slot (date,time,classroom,ensemble_id)
VALUES
  ('Aug 14, 2023','10:04 PM','FID12HFR8MQ',1),
  ('Aug 21, 2023','1:44 AM','LMR05KXR4TF',2),
  ('May 14, 2022','2:04 PM','VCK75STT7YH',3),
  ('Oct 27, 2022','12:57 AM','BQC84XPY1DR',4),
  ('Jan 17, 2023','8:07 PM','RFG39HUC3JB',5),
  ('Aug 10, 2022','4:30 AM','EBX72IXA8XF',6),
  ('Apr 9, 2023','7:28 AM','WWH56MYF6RE',7),
  ('Oct 6, 2023','5:02 PM','MLX02HWD6LG',8),
  ('Mar 26, 2022','7:21 AM','OMK33FID7NW',9),
  ('Mar 5, 2023','11:04 AM','IIG31OHN2KD',10),
  ('Feb 25, 2022','8:22 PM','UTG53UFU8UN',11),
  ('May 27, 2023','8:10 AM','URY62XGT4PR',12),
  ('Feb 18, 2023','6:02 PM','KOP77LNN8GR',13),
  ('Oct 13, 2022','12:04 PM','BRO34ASO6KJ',14),
  ('Aug 31, 2023','11:37 AM','ZRO36TXH8PG',15),
  ('Apr 12, 2022','4:41 PM','JWN46TJX8BV',16),
  ('Jan 15, 2023','2:43 PM','TKZ45OTO3BZ',17),
  ('Feb 28, 2022','9:26 PM','DXB78GPF2HN',18),
  ('Dec 15, 2021','12:20 AM','AOL97GHB1TK',19),
  ('Mar 12, 2023','10:50 AM','FWQ16OYN7JO',20);

INSERT INTO proficiencies (instrument,skill_level,instructor_id)
VALUES
  ('Guitar','Beginner',1),
  ('Guitar','Beginner',2),
  ('Piano','Intermediate',3),
  ('Piano','Intermediate',4),
  ('Base','Advanced',5),
  ('Base','Advanced',6),
  ('Drums','Beginner',7),
  ('Drums','Beginner',8),
  ('Guitar','Intermediate',9),
  ('Guitar','Intermediate',10),
  ('Piano','Advanced',11),
  ('Piano','Advanced',12),
  ('Base','Beginner',13),
  ('Base','Beginner',14),
  ('Drums','Intermediate',15),
  ('Drums','Intermediate',16),
  ('Guitar','Advanced',17),
  ('Guitar','Advanced',18),
  ('Piano','Beginner',19),
  ('Piano','Beginner',20);

INSERT INTO student (personal_number,full_name,email,student_id,private_lesson_id)
VALUES
  ('RNT88CWQ7LF','Hasad Fry','dui.semper@hotmail.net','UOV90BAT9LO',1),
  ('XYY27GAQ8GH','Ryder Knox','lectus@yahoo.couk','NHG80ZBF9MY',2),
  ('HQN48FIS2LW','MacKensie Whitney','tristique.ac@outlook.com','CKK98RKK0FT',3),
  ('OGR93UWH7KF','Stephanie Davenport','cras.vulputate.velit@aol.com','GGC56QEF8ZH',4),
  ('ROE76PSV8KE','Athena Mccray','amet.dapibus@icloud.net','KTU71CLJ9MS',5),
  ('CYR44QGQ2GV','Timothy Reed','neque.sed@google.couk','LPV61XBW4QW',6),
  ('YGT12MVS3DD','Chancellor Gill','magna@outlook.ca','JQY88MBC5YB',7),
  ('DPX21ZUR4YG','Ethan Kennedy','dolor.fusce@aol.org','CBM63ZJW5RO',8),
  ('FUV28JQG2YK','Christian Gilliam','lorem.luctus.ut@outlook.org','UWV72LDC7KM',9),
  ('RDQ17WDV6LN','Ali Ellison','nec.mollis.vitae@outlook.couk','RYK86OMD8SD',10),
  ('EFX63XUG6TL','Gareth Lane','mauris.ut@outlook.org','GBO68BJW4AN',11),
  ('YKY88GUO8MK','Orli Bond','eu.tellus.eu@protonmail.edu','FED53MKW2HD',12),
  ('IDC75KUU3CK','Kareem Dejesus','at.libero.morbi@outlook.couk','XND71VSH1WY',13),
  ('HYF08ICT7PJ','Desiree Santana','ipsum.ac.mi@hotmail.couk','LYW22VPJ4BX',14),
  ('QXO52FXB4WU','Allegra Mcknight','eu.lacus@icloud.com','NQV28VYX6YC',15),
  ('MHP78UGH6ON','Brian Kirkland','posuere@aol.org','VCK45KKV3VJ',16),
  ('TIP51ZAW9LO','Oleg Elliott','est.nunc@protonmail.net','ETD60TCN4OS',17),
  ('ICQ52CIX7XP','Kasimir Bush','eros.turpis@protonmail.org','HRH24PDS3KM',18),
  ('NMH84TKS5GO','Merritt Contreras','erat.vel.pede@protonmail.net','KCQ72DSI7ZZ',19),
  ('EEQ46UVU7BB','Sylvester Valencia','auctor.velit.aliquam@hotmail.org','EPB53FAH9XH',20);

INSERT INTO rented_instrument (receipt_id,start_date,end_date,student_id,instrument_id)
VALUES
  ('PZC56FTM7KT','Dec 28, 2022','Dec 12, 2021',1,1),
  ('OMC91SCU4TM','Mar 22, 2022','Dec 9, 2021',2,2),
  ('JKB42HIG4QG','Feb 12, 2023','Dec 16, 2021',3,3),
  ('WOW84RKH5SM','Nov 15, 2023','Dec 4, 2021',4,4),
  ('YVS42YRK8WB','Nov 18, 2021','Dec 23, 2021',5,5),
  ('RLN36JIL2NW','Dec 16, 2022','Dec 23, 2021',6,6),
  ('KBO33HMC2XX','Nov 22, 2023','Dec 14, 2021',7,7),
  ('VUR28FCE2CL','Mar 17, 2022','Dec 17, 2021',8,8),
  ('TPY30XDL5SK','May 19, 2022','Dec 21, 2021',9,9),
  ('NXJ30HSD7RX','May 5, 2022','Dec 11, 2021',10,10),
  ('CWD46KHQ5TM','Mar 2, 2023','Dec 16, 2021',11,11),
  ('FON57RNM8CK','Jan 6, 2022','Dec 30, 2021',12,12),
  ('LTR74SVT8VT','May 10, 2023','Dec 4, 2021',13,13),
  ('NWK82IFM2TD','Oct 11, 2023','Dec 16, 2021',14,14),
  ('WBV79JBR7IX','Jun 25, 2022','Nov 30, 2021',15,15),
  ('JJQ91FPX5JM','Nov 11, 2022','Dec 19, 2021',16,16),
  ('KDO36OGV8FX','Nov 5, 2021','Dec 22, 2021',17,17),
  ('TNY48IVY2JD','Nov 23, 2022','Nov 30, 2021',18,18),
  ('TSN14HQT5EB','Nov 9, 2022','Dec 18, 2021',19,19),
  ('HLT28XZB7WG','Dec 25, 2022','Dec 2, 2021',20,20);

INSERT INTO bridge (student_id,ensemble_id)
VALUES
  (1,1),
  (2,2),
  (3,3),
  (4,4),
  (5,5),
  (6,6),
  (7,7),
  (8,8),
  (9,9),
  (10,10),
  (11,11),
  (12,12),
  (13,13),
  (14,14),
  (15,15),
  (16,16),
  (17,17),
  (18,18),
  (19,19),
  (20,20);

INSERT INTO bridge (student_id,group_lesson_id)
VALUES
  (1,1),
  (2,2),
  (3,3),
  (4,4),
  (5,5),
  (6,6),
  (7,7),
  (8,8),
  (9,9),
  (10,10),
  (11,11),
  (12,12),
  (13,13),
  (14,14),
  (15,15),
  (16,16),
  (17,17),
  (18,18),
  (19,19),
  (20,20);

INSERT INTO address (street_address,zip_code,city,administrator_id)
VALUES
  ('479-3804 Curabitur Ave','9298-3567','Cartagena',1),
  ('Ap #378-3944 Suspendisse Ave','3072','Tarma',2),
  ('323-9783 Commodo Avenue','65181','Oslo',3),
  ('Ap #175-3929 Sed Av.','98534-212','Westport',4),
  ('P.O. Box 494, 9909 Sociis Street','947306','Koronadal',5),
  ('Ap #864-1885 Mus. Street','37423','Olsztyn',6),
  ('2489 Elit. Av.','44898','Belfast',7),
  ('809-6158 Sed Street','875515','Balıkesir',8),
  ('P.O. Box 238, 5865 Aliquam Rd.','R5J 8V2','Bilbo',9),
  ('385-5386 Purus. Road','55-47','Freital',10),
  ('4443 Vitae, Rd.','01324','Seogwipo',11),
  ('Ap #348-2346 Dui. Rd.','511289','Poitiers',12),
  ('P.O. Box 222, 964 Dui. Street','95685','Sanghar',13),
  ('542-2861 Sem Rd.','75989','Coevorden',14),
  ('P.O. Box 852, 171 Aliquet Rd.','29103','Armadale',15),
  ('Ap #472-1886 Nullam Street','297404','Cork',16),
  ('P.O. Box 871, 2608 Amet Street','26416','Watford',17),
  ('985-3900 Imperdiet, Road','56217','Cork',18),
  ('7796 Orci. Av.','373263','Gongju',19),
  ('222-8223 Augue St.','184062','Hilversum',20);

INSERT INTO address (street_address,zip_code,city,instructor_id)
VALUES
  ('479-3804 Curabitur Ave','9298-3567','Cartagena',1),
  ('Ap #378-3944 Suspendisse Ave','3072','Tarma',2),
  ('323-9783 Commodo Avenue','65181','Oslo',3),
  ('Ap #175-3929 Sed Av.','98534-212','Westport',4),
  ('P.O. Box 494, 9909 Sociis Street','947306','Koronadal',5),
  ('Ap #864-1885 Mus. Street','37423','Olsztyn',6),
  ('2489 Elit. Av.','44898','Belfast',7),
  ('809-6158 Sed Street','875515','Balıkesir',8),
  ('P.O. Box 238, 5865 Aliquam Rd.','R5J 8V2','Bilbo',9),
  ('385-5386 Purus. Road','55-47','Freital',10),
  ('4443 Vitae, Rd.','01324','Seogwipo',11),
  ('Ap #348-2346 Dui. Rd.','511289','Poitiers',12),
  ('P.O. Box 222, 964 Dui. Street','95685','Sanghar',13),
  ('542-2861 Sem Rd.','75989','Coevorden',14),
  ('P.O. Box 852, 171 Aliquet Rd.','29103','Armadale',15),
  ('Ap #472-1886 Nullam Street','297404','Cork',16),
  ('P.O. Box 871, 2608 Amet Street','26416','Watford',17),
  ('985-3900 Imperdiet, Road','56217','Cork',18),
  ('7796 Orci. Av.','373263','Gongju',19),
  ('222-8223 Augue St.','184062','Hilversum',20);
  
INSERT INTO address (street_address,zip_code,city,student_id)
VALUES
  ('479-3804 Curabitur Ave','9298-3567','Cartagena',1),
  ('Ap #378-3944 Suspendisse Ave','3072','Tarma',2),
  ('323-9783 Commodo Avenue','65181','Oslo',3),
  ('Ap #175-3929 Sed Av.','98534-212','Westport',4),
  ('P.O. Box 494, 9909 Sociis Street','947306','Koronadal',5),
  ('Ap #864-1885 Mus. Street','37423','Olsztyn',6),
  ('2489 Elit. Av.','44898','Belfast',7),
  ('809-6158 Sed Street','875515','Balıkesir',8),
  ('P.O. Box 238, 5865 Aliquam Rd.','R5J 8V2','Bilbo',9),
  ('385-5386 Purus. Road','55-47','Freital',10),
  ('4443 Vitae, Rd.','01324','Seogwipo',11),
  ('Ap #348-2346 Dui. Rd.','511289','Poitiers',12),
  ('P.O. Box 222, 964 Dui. Street','95685','Sanghar',13),
  ('542-2861 Sem Rd.','75989','Coevorden',14),
  ('P.O. Box 852, 171 Aliquet Rd.','29103','Armadale',15),
  ('Ap #472-1886 Nullam Street','297404','Cork',16),
  ('P.O. Box 871, 2608 Amet Street','26416','Watford',17),
  ('985-3900 Imperdiet, Road','56217','Cork',18),
  ('7796 Orci. Av.','373263','Gongju',19),
  ('222-8223 Augue St.','184062','Hilversum',20);

INSERT INTO phone (phone_number,administrator_id)
VALUES
  ('1-610-802-8141',1),
  ('(201) 594-6323',2),
  ('(564) 314-1765',3),
  ('(233) 865-3114',4),
  ('(868) 201-6841',5),
  ('(645) 857-7653',6),
  ('1-342-765-4660',7),
  ('1-839-651-2535',8),
  ('(736) 348-2362',9),
  ('1-641-308-5290',10),
  ('(485) 533-6867',11),
  ('(469) 884-6604',12),
  ('(718) 750-2374',13),
  ('1-491-119-8621',14),
  ('(871) 431-7253',15),
  ('(845) 676-2333',16),
  ('1-951-646-3379',17),
  ('1-685-842-9687',18),
  ('1-419-662-5555',19),
  ('1-520-552-0537',20);
  
INSERT INTO phone (phone_number,instructor_id)
VALUES
  ('1-610-802-81412',1),
  ('(201) 594-63232',2),
  ('(564) 314-17652',3),
  ('(233) 865-31142',4),
  ('(868) 201-68412',5),
  ('(645) 857-76532',6),
  ('1-342-765-46602',7),
  ('1-839-651-25352',8),
  ('(736) 348-23622',9),
  ('1-641-308-52902',10),
  ('(485) 533-68672',11),
  ('(469) 884-66042',12),
  ('(718) 750-23742',13),
  ('1-491-119-86212',14),
  ('(871) 431-72532',15),
  ('(845) 676-23332',16),
  ('1-951-646-33792',17),
  ('1-685-842-96872',18),
  ('1-419-662-55552',19),
  ('1-520-552-05372',20);
  
INSERT INTO phone (phone_number,student_id)
VALUES
  ('1-610-802-81411',1),
  ('(201) 594-63231',2),
  ('(564) 314-17651',3),
  ('(233) 865-31141',4),
  ('(868) 201-68411',5),
  ('(645) 857-76531',6),
  ('1-342-765-46601',7),
  ('1-839-651-25351',8),
  ('(736) 348-23621',9),
  ('1-641-308-52901',10),
  ('(485) 533-68671',11),
  ('(469) 884-66041',12),
  ('(718) 750-23741',13),
  ('1-491-119-86211',14),
  ('(871) 431-72531',15),
  ('(845) 676-23331',16),
  ('1-951-646-33791',17),
  ('1-685-842-96871',18),
  ('1-419-662-55551',19),
  ('1-520-552-05371',20);

INSERT INTO contact_person (full_name,phone_number,email,student_id)
VALUES
  ('Hyacinth Haynes','1-698-879-8874','eu.enim@google.org',1),
  ('Brandon Howell','(921) 910-9214','egestas.lacinia.sed@google.edu',2),
  ('Keelie Buckley','(366) 211-6467','magna.lorem@yahoo.ca',3),
  ('Nora Peterson','1-833-436-8872','luctus@google.net',4),
  ('Edan Potts','(643) 553-4734','nec.tempus@protonmail.com',5),
  ('Ivy Huffman','1-869-255-7871','pede@outlook.com',6),
  ('Cyrus Mcconnell','1-348-171-2785','tincidunt.vehicula@hotmail.ca',7),
  ('Jarrod Mays','(808) 741-3593','sed.est@aol.net',8),
  ('Sebastian Bailey','1-931-782-8541','sem.mollis.dui@google.net',9),
  ('Quinn Burks','(345) 114-6808','magna.malesuada@hotmail.couk',10),
  ('Holmes Mays','1-801-633-2629','tincidunt.pede.ac@icloud.edu',11),
  ('Samantha David','(114) 671-2840','pellentesque.sed@icloud.org',12),
  ('Knox Blake','1-486-561-4633','sit.amet.ornare@yahoo.org',13),
  ('Patricia Leon','1-571-685-7796','ullamcorper.viverra.maecenas@hotmail.com',14),
  ('Halla Ferguson','(421) 626-1701','penatibus.et.magnis@yahoo.net',15),
  ('Claudia Delaney','1-484-744-7785','mauris@protonmail.ca',16),
  ('Nehru Orr','(812) 585-5678','commodo.at.libero@hotmail.edu',17),
  ('Knox Haney','1-980-813-5681','molestie.arcu@yahoo.couk',18),
  ('Grady Franco','1-907-794-6615','eu.tellus@yahoo.edu',19),
  ('Nicholas Quinn','(483) 400-7897','purus@outlook.couk',20);
