insert into student (personal_number, full_name, email, student_id) values ('843-49-2452', 'Berky Zollner', 'bzollner0@nydailynews.com', '29-7101989');
insert into student (personal_number, full_name, email, student_id) values ('317-81-2384', 'Raff Olufsen', 'rolufsen1@samsung.com', '99-9221913');
insert into student (personal_number, full_name, email, student_id) values ('685-07-3139', 'Gayle Fluger', 'gfluger2@discovery.com', '86-8483460');
insert into student (personal_number, full_name, email, student_id) values ('344-25-6916', 'Ginevra Divis', 'gdivis3@google.it', '97-6319991');
insert into student (personal_number, full_name, email, student_id) values ('568-69-0669', 'Cherlyn Cookson', 'ccookson4@umich.edu', '76-5331257');
insert into student (personal_number, full_name, email, student_id) values ('186-70-7518', 'Clarance Doswell', 'cdoswell5@geocities.jp', '15-8190442');
insert into student (personal_number, full_name, email, student_id) values ('325-78-4580', 'Pennie Clutton', 'pclutton6@amazonaws.com', '13-6230914');
insert into student (personal_number, full_name, email, student_id) values ('762-55-3847', 'Tallia Stallworthy', 'tstallworthy7@opensource.org', '89-9791067');
insert into student (personal_number, full_name, email, student_id) values ('893-54-4199', 'Alberto Mohamed', 'amohamed8@simplemachines.org', '73-0003509');
insert into student (personal_number, full_name, email, student_id) values ('865-65-4985', 'Lyndsie Laval', 'llaval9@google.co.uk', '91-1788315');

insert into physical_instruments (instrument_id, brand, price, instrument_type) values ('84-6799625', 'Schimmel', 793, 'Drums');
insert into physical_instruments (instrument_id, brand, price, instrument_type) values ('17-1424719', 'Fender', 467, 'Flute');
insert into physical_instruments (instrument_id, brand, price, instrument_type) values ('49-9657541', 'Kawai', 861, 'Base');
insert into physical_instruments (instrument_id, brand, price, instrument_type) values ('02-3164081', 'Gibson', 762, 'Guitar');
insert into physical_instruments (instrument_id, brand, price, instrument_type) values ('39-4622636', 'Kawai', 158, 'Guitar');
insert into physical_instruments (instrument_id, brand, price, instrument_type) values ('63-6814822', 'Fender', 304, 'Drums');
insert into physical_instruments (instrument_id, brand, price, instrument_type) values ('24-4115165', 'Gibson', 69, 'Guitar');
insert into physical_instruments (instrument_id, brand, price, instrument_type) values ('62-0934224', 'Gibson', 548, 'Base');
insert into physical_instruments (instrument_id, brand, price, instrument_type) values ('75-8148519', 'Gibson', 256, 'Violin');
insert into physical_instruments (instrument_id, brand, price, instrument_type) values ('91-3090040', 'Schimmel', 833, 'Flute');

insert into administrators (personal_number, full_name, email, employee_id, salary) values ('477-40-9426', 'Dianna Sanchiz', 'dsanchiz0@washington.edu', '74-1277881', 7075);
insert into administrators (personal_number, full_name, email, employee_id, salary) values ('336-35-0356', 'Darryl Cropper', 'dcropper1@eventbrite.com', '68-1429689', 4445);
insert into administrators (personal_number, full_name, email, employee_id, salary) values ('458-95-9325', 'Agustin Schottli', 'aschottli2@arstechnica.com', '85-3275145', 5039);
insert into administrators (personal_number, full_name, email, employee_id, salary) values ('626-41-1071', 'Katee Baron', 'kbaron3@amazon.co.uk', '69-2860481', 8666);
insert into administrators (personal_number, full_name, email, employee_id, salary) values ('150-08-7303', 'Terence Pirie', 'tpirie4@mit.edu', '61-6070271', 9492);
insert into administrators (personal_number, full_name, email, employee_id, salary) values ('896-65-4223', 'Laure Mayze', 'lmayze5@cbsnews.com', '58-7295491', 1929);
insert into administrators (personal_number, full_name, email, employee_id, salary) values ('121-40-3609', 'Carole Heigho', 'cheigho6@toplist.cz', '56-8461062', 9677);
insert into administrators (personal_number, full_name, email, employee_id, salary) values ('203-97-9081', 'Wernher Guidotti', 'wguidotti7@hexun.com', '44-2812777', 2519);
insert into administrators (personal_number, full_name, email, employee_id, salary) values ('506-39-5118', 'Shelley Lebond', 'slebond8@about.com', '67-6697227', 2881);
insert into administrators (personal_number, full_name, email, employee_id, salary) values ('238-53-3570', 'Maire McPheat', 'mmcpheat9@chron.com', '38-3911703', 8051);

insert into instructors (personal_number, full_name, email, employee_id) values ('227-02-2266', 'Susy MacParland', 'smacparland0@nifty.com', '33-0396465');
insert into instructors (personal_number, full_name, email, employee_id) values ('149-68-7235', 'Gaston Dunlop', 'gdunlop1@creativecommons.org', '79-8078151');
insert into instructors (personal_number, full_name, email, employee_id) values ('269-18-5051', 'Linoel Abramsky', 'labramsky2@ucoz.ru', '68-6079657');
insert into instructors (personal_number, full_name, email, employee_id) values ('708-08-4256', 'Elisa felip', 'efelip3@accuweather.com', '04-8135285');
insert into instructors (personal_number, full_name, email, employee_id) values ('683-84-0260', 'Tobe Rois', 'trois4@nba.com', '94-8629011');
insert into instructors (personal_number, full_name, email, employee_id) values ('196-14-7422', 'Cayla Mallalieu', 'cmallalieu5@wordpress.com', '32-1020492');
insert into instructors (personal_number, full_name, email, employee_id) values ('799-47-7141', 'Codie Opy', 'copy6@cnn.com', '19-8794326');
insert into instructors (personal_number, full_name, email, employee_id) values ('410-78-0409', 'Dorris Watsham', 'dwatsham7@noaa.gov', '70-0839874');
insert into instructors (personal_number, full_name, email, employee_id) values ('624-66-9047', 'Sutherlan Belson', 'sbelson8@acquirethisname.com', '10-6638189');
insert into instructors (personal_number, full_name, email, employee_id) values ('656-35-5762', 'Frayda Rhodus', 'frhodus9@163.com', '10-8688283');

insert into proficiencies (instrument, instructor_db_id, skill_level) values ('Violin', 1, 'Advanced');
insert into proficiencies (instrument, instructor_db_id, skill_level) values ('Piano', 2, 'Intermediate');
insert into proficiencies (instrument, instructor_db_id, skill_level) values ('Violin', 3, 'Advanced');
insert into proficiencies (instrument, instructor_db_id, skill_level) values ('Piano', 4, 'Intermediate');
insert into proficiencies (instrument, instructor_db_id, skill_level) values ('Violin', 5, 'Intermediate');
insert into proficiencies (instrument, instructor_db_id, skill_level) values ('Violin', 6, 'Advanced');
insert into proficiencies (instrument, instructor_db_id, skill_level) values ('Base', 7, 'Beginner');
insert into proficiencies (instrument, instructor_db_id, skill_level) values ('Guitar', 8, 'Beginner');
insert into proficiencies (instrument, instructor_db_id, skill_level) values ('Piano', 9, 'Intermediate');
insert into proficiencies (instrument, instructor_db_id, skill_level) values ('Drums', 10, 'Intermediate');

insert into enrollment_applications (personal_number, full_name, email, application_id, cover_letter, application_date) values ('796-13-7853', 'Ivan Cluett', 'icluett0@boston.com', '47-2579011', 'Etiam justo. Etiam pretium iaculis justo.', '2022-02-07');
insert into enrollment_applications (personal_number, full_name, email, application_id, cover_letter, application_date) values ('655-35-7900', 'Hermie Blare', 'hblare1@amazonaws.com', '85-4463208', 'Morbi quis tortor id nulla ultrices aliquet. Maecenas leo odio, condimentum id, luctus nec, molestie sed, justo. Pellentesque viverra pede ac diam.', '2022-06-24');
insert into enrollment_applications (personal_number, full_name, email, application_id, cover_letter, application_date) values ('621-71-8751', 'Garreth Ghelarducci', 'gghelarducci2@sciencedaily.com', '62-5577047', 'Cum sociis natoque penatibus et magnis dis parturient montes, nascetur ridiculus mus. Vivamus vestibulum sagittis sapien.', '2022-01-16');
insert into enrollment_applications (personal_number, full_name, email, application_id, cover_letter, application_date) values ('571-22-5487', 'Faber Dunkirk', 'fdunkirk3@phoca.cz', '30-9295073', 'Nulla ac enim. In tempor, turpis nec euismod scelerisque, quam turpis adipiscing lorem, vitae mattis nibh ligula nec sem. Duis aliquam convallis nunc.', '2022-07-04');
insert into enrollment_applications (personal_number, full_name, email, application_id, cover_letter, application_date) values ('380-77-0345', 'Forbes Flute', 'fflute4@paginegialle.it', '62-2764386', 'Morbi porttitor lorem id ligula. Suspendisse ornare consequat lectus. In est risus, auctor sed, tristique in, tempus sit amet, sem.', '2022-07-23');
insert into enrollment_applications (personal_number, full_name, email, application_id, cover_letter, application_date) values ('791-61-6588', 'Olga De Ferrari', 'ode5@goo.gl', '10-2955384', 'Cras in purus eu magna vulputate luctus. Cum sociis natoque penatibus et magnis dis parturient montes, nascetur ridiculus mus.', '2022-04-10');
insert into enrollment_applications (personal_number, full_name, email, application_id, cover_letter, application_date) values ('721-31-4297', 'Prince Duckinfield', 'pduckinfield6@instagram.com', '72-3893429', 'Nam congue, risus semper porta volutpat, quam pede lobortis ligula, sit amet eleifend pede libero quis orci. Nullam molestie nibh in lectus.', '2022-08-28');
insert into enrollment_applications (personal_number, full_name, email, application_id, cover_letter, application_date) values ('114-13-5333', 'Rutter Horche', 'rhorche7@ebay.com', '78-8046298', 'Duis bibendum, felis sed interdum venenatis, turpis enim blandit mi, in porttitor pede justo eu massa. Donec dapibus.', '2022-03-13');
insert into enrollment_applications (personal_number, full_name, email, application_id, cover_letter, application_date) values ('636-18-2781', 'Bari Saffle', 'bsaffle8@ucsd.edu', '90-0549049', 'Lorem ipsum dolor sit amet, consectetuer adipiscing elit. Proin interdum mauris non ligula pellentesque ultrices. Phasellus id sapien in sapien iaculis congue.', '2022-05-16');
insert into enrollment_applications (personal_number, full_name, email, application_id, cover_letter, application_date) values ('477-48-7617', 'Cynthea Ashplant', 'cashplant9@psu.edu', '74-3569599', 'Duis ac nibh. Fusce lacus purus, aliquet at, feugiat non, pretium quis, lectus.', '2022-03-04');

insert into contact_person (full_name, phone_number, email, student_db_id, administrator_db_id, instructor_db_id) values ('Pavel Baddam', '735-328-8718', 'pbaddam0@paginegialle.it', 1, 4, 9);
insert into contact_person (full_name, phone_number, email, student_db_id, administrator_db_id, instructor_db_id) values ('Marti Endacott', '710-454-1357', 'mendacott1@mtv.com', 9, null, null);
insert into contact_person (full_name, phone_number, email, student_db_id, administrator_db_id, instructor_db_id) values ('Jonie Tollmache', '247-686-8466', 'jtollmache2@com.com', 5, 6, 2);
insert into contact_person (full_name, phone_number, email, student_db_id, administrator_db_id, instructor_db_id) values ('Ephraim Edgler', '643-704-4778', 'eedgler3@zdnet.com', 3, 7, 10);
insert into contact_person (full_name, phone_number, email, student_db_id, administrator_db_id, instructor_db_id) values ('Britte Conelly', '757-392-1456', 'bconelly4@fema.gov', 6, 2, 5);
insert into contact_person (full_name, phone_number, email, student_db_id, administrator_db_id, instructor_db_id) values ('Dylan Fadden', '631-669-5164', 'dfadden5@sun.com', 10, null, null);
insert into contact_person (full_name, phone_number, email, student_db_id, administrator_db_id, instructor_db_id) values ('Emili Dinley', '470-457-6348', 'edinley6@istockphoto.com', 2, 9, 3);
insert into contact_person (full_name, phone_number, email, student_db_id, administrator_db_id, instructor_db_id) values ('Mohammed Mangeney', '621-425-0969', 'mmangeney7@sphinn.com', 4, 7, 3);
insert into contact_person (full_name, phone_number, email, student_db_id, administrator_db_id, instructor_db_id) values ('Reggis Ruseworth', '121-943-8584', 'rruseworth8@unc.edu', 2, 6, 1);
insert into contact_person (full_name, phone_number, email, student_db_id, administrator_db_id, instructor_db_id) values ('Delia Ramey', '400-494-5438', 'dramey9@ameblo.jp', 8, 1, 8);

insert into phone (phone_number, student_db_id, administrator_db_id, instructor_db_id) values ('939-519-4465', 6, null, null);
insert into phone (phone_number, student_db_id, administrator_db_id, instructor_db_id) values ('146-949-1802', 1, 2, 7);
insert into phone (phone_number, student_db_id, administrator_db_id, instructor_db_id) values ('468-578-4618', 5, 7, 5);
insert into phone (phone_number, student_db_id, administrator_db_id, instructor_db_id) values ('619-742-1786', 1, 9, 3);
insert into phone (phone_number, student_db_id, administrator_db_id, instructor_db_id) values ('763-839-3403', 4, 1, 5);
insert into phone (phone_number, student_db_id, administrator_db_id, instructor_db_id) values ('809-216-3737', 1, null, null);
insert into phone (phone_number, student_db_id, administrator_db_id, instructor_db_id) values ('138-265-5550', 5, 5, 4);
insert into phone (phone_number, student_db_id, administrator_db_id, instructor_db_id) values ('637-510-4342', 7, null, null);
insert into phone (phone_number, student_db_id, administrator_db_id, instructor_db_id) values ('187-172-1414', 4, null, null);
insert into phone (phone_number, student_db_id, administrator_db_id, instructor_db_id) values ('213-958-9728', 7, 5, 8);

insert into price_table (private_lesson_base_price, ensemble_lesson_base_price, group_lesson_base_price, sibling_discount_modifier, start_date, end_date) values (11, 28, 36, 0.58, '2022-01-24', '2022-03-15');
insert into price_table (private_lesson_base_price, ensemble_lesson_base_price, group_lesson_base_price, sibling_discount_modifier, start_date, end_date) values (18, 13, 65, 0.42, '2022-06-05', '2023-03-24');
insert into price_table (private_lesson_base_price, ensemble_lesson_base_price, group_lesson_base_price, sibling_discount_modifier, start_date, end_date) values (17, 90, 86, 0.81, '2021-12-21', '2023-01-27');
insert into price_table (private_lesson_base_price, ensemble_lesson_base_price, group_lesson_base_price, sibling_discount_modifier, start_date, end_date) values (17, 78, 55, 0.45, '2022-07-17', '2022-03-20');
insert into price_table (private_lesson_base_price, ensemble_lesson_base_price, group_lesson_base_price, sibling_discount_modifier, start_date, end_date) values (14, 71, 21, 0.33, '2022-02-17', '2022-05-07');
insert into price_table (private_lesson_base_price, ensemble_lesson_base_price, group_lesson_base_price, sibling_discount_modifier, start_date, end_date) values (19, 57, 55, 0.05, '2022-03-22', '2022-03-08');
insert into price_table (private_lesson_base_price, ensemble_lesson_base_price, group_lesson_base_price, sibling_discount_modifier, start_date, end_date) values (17, 81, 33, 0.66, '2022-07-12', '2022-04-16');
insert into price_table (private_lesson_base_price, ensemble_lesson_base_price, group_lesson_base_price, sibling_discount_modifier, start_date, end_date) values (16, 21, 35, 0.75, '2022-01-27', '2022-04-14');
insert into price_table (private_lesson_base_price, ensemble_lesson_base_price, group_lesson_base_price, sibling_discount_modifier, start_date, end_date) values (12, 20, 57, 0.75, '2022-09-13', '2022-09-04');
insert into price_table (private_lesson_base_price, ensemble_lesson_base_price, group_lesson_base_price, sibling_discount_modifier, start_date, end_date) values (20, 59, 31, 0.14, '2022-01-11', '2022-12-15');

insert into address (street_address, zip_code, city, student_db_id, administrator_db_id, instructor_db_id) values ('26 Lotheville Park', '79858', 'Prapen', 3, 4, 3);
insert into address (street_address, zip_code, city, student_db_id, administrator_db_id, instructor_db_id) values ('042 Stone Corner Place', '0681', 'Ngulung Wetan', 1, 10, 5);
insert into address (street_address, zip_code, city, student_db_id, administrator_db_id, instructor_db_id) values ('332 Drewry Point', '22', 'Ouro Preto do Oeste', 7, 1, 2);
insert into address (street_address, zip_code, city, student_db_id, administrator_db_id, instructor_db_id) values ('04 Summerview Drive', '2', 'Qingshui', 2, 5, 9);
insert into address (street_address, zip_code, city, student_db_id, administrator_db_id, instructor_db_id) values ('6616 Village Green Circle', '6', 'Fuzhou', 8, 8, 5);
insert into address (street_address, zip_code, city, student_db_id, administrator_db_id, instructor_db_id) values ('64 Warbler Park', '1001', 'Chyżne', 8, 8, 9);
insert into address (street_address, zip_code, city, student_db_id, administrator_db_id, instructor_db_id) values ('3792 Randy Plaza', '78', 'Uherský Ostroh', 4, 7, 10);
insert into address (street_address, zip_code, city, student_db_id, administrator_db_id, instructor_db_id) values ('7 Express Hill', '6693', 'Velyki Kopany', 7, 7, 1);
insert into address (street_address, zip_code, city, student_db_id, administrator_db_id, instructor_db_id) values ('69 Erie Avenue', '8702', 'Dourbali', 6, 2, 8);
insert into address (street_address, zip_code, city, student_db_id, administrator_db_id, instructor_db_id) values ('272 Prentice Lane', '9', 'Boldumsaz', 5, 2, 6);

insert into rented_instrument (receipt_id, start_date, end_date, student_db_id, instrument_db_id) values ('42-7082344', '2021-12-29', '2023-02-17', 1, 7);
insert into rented_instrument (receipt_id, start_date, end_date, student_db_id, instrument_db_id) values ('17-0701580', '2021-12-05', '2022-09-20', 2, 5);
insert into rented_instrument (receipt_id, start_date, end_date, student_db_id, instrument_db_id) values ('88-7606643', '2022-01-13', '2022-10-14', 3, 1);
insert into rented_instrument (receipt_id, start_date, end_date, student_db_id, instrument_db_id) values ('23-2002876', '2022-01-18', '2022-03-15', 4, 3);
insert into rented_instrument (receipt_id, start_date, end_date, student_db_id, instrument_db_id) values ('88-8684278', '2021-12-04', '2022-03-08', 5, 10);
insert into rented_instrument (receipt_id, start_date, end_date, student_db_id, instrument_db_id) values ('17-2738253', '2022-01-16', '2023-01-16', 6, 8);
insert into rented_instrument (receipt_id, start_date, end_date, student_db_id, instrument_db_id) values ('48-5196713', '2022-04-05', '2022-04-03', 7, 3);
insert into rented_instrument (receipt_id, start_date, end_date, student_db_id, instrument_db_id) values ('08-3547569', '2022-03-31', '2023-03-19', 8, 9);
insert into rented_instrument (receipt_id, start_date, end_date, student_db_id, instrument_db_id) values ('90-2806357', '2022-02-25', '2022-07-01', 9, 9);
insert into rented_instrument (receipt_id, start_date, end_date, student_db_id, instrument_db_id) values ('53-8744155', '2021-12-04', '2022-12-10', 10, 6);

insert into bridge_sibling (sibling_id_1, sibling_id_2) values (1, 4);
insert into bridge_sibling (sibling_id_1, sibling_id_2) values (7, 5);
insert into bridge_sibling (sibling_id_1, sibling_id_2) values (6, 7);
insert into bridge_sibling (sibling_id_1, sibling_id_2) values (6, 8);
insert into bridge_sibling (sibling_id_1, sibling_id_2) values (6, 5);
insert into bridge_sibling (sibling_id_1, sibling_id_2) values (8, 2);
insert into bridge_sibling (sibling_id_1, sibling_id_2) values (8, 3);
insert into bridge_sibling (sibling_id_1, sibling_id_2) values (1, 3);
insert into bridge_sibling (sibling_id_1, sibling_id_2) values (2, 6);
insert into bridge_sibling (sibling_id_1, sibling_id_2) values (7, 8);

insert into private_lesson (lesson_id, skill_level, instrument, instructor_db_id) values ('39-9904933', 'Advanced', 'Flute', 3);
insert into private_lesson (lesson_id, skill_level, instrument, instructor_db_id) values ('36-2962963', 'Advanced', 'Base', 4);
insert into private_lesson (lesson_id, skill_level, instrument, instructor_db_id) values ('33-4374563', 'Advanced', 'Piano', 3);
insert into private_lesson (lesson_id, skill_level, instrument, instructor_db_id) values ('83-6961785', 'Beginner', 'Piano', 10);
insert into private_lesson (lesson_id, skill_level, instrument, instructor_db_id) values ('47-1172847', 'Intermediate', 'Piano', 4);
insert into private_lesson (lesson_id, skill_level, instrument, instructor_db_id) values ('96-2516945', 'Intermediate', 'Flute', 9);
insert into private_lesson (lesson_id, skill_level, instrument, instructor_db_id) values ('38-0632456', 'Intermediate', 'Drums', 5);
insert into private_lesson (lesson_id, skill_level, instrument, instructor_db_id) values ('11-7431047', 'Intermediate', 'Violin', 3);
insert into private_lesson (lesson_id, skill_level, instrument, instructor_db_id) values ('78-3607650', 'Advanced', 'Flute', 7);
insert into private_lesson (lesson_id, skill_level, instrument, instructor_db_id) values ('10-5652697', 'Advanced', 'Piano', 2);

insert into ensemble (lesson_id, skill_level, genre, instructor_db_id, min_number_of_students, max_number_of_students) values ('40-8969697', 'Beginner', 'Rock', 7, 7, 35);
insert into ensemble (lesson_id, skill_level, genre, instructor_db_id, min_number_of_students, max_number_of_students) values ('20-7753436', 'Advanced', 'Country', 7, 5, 33);
insert into ensemble (lesson_id, skill_level, genre, instructor_db_id, min_number_of_students, max_number_of_students) values ('24-2206569', 'Beginner', 'Classic', 9, 5, 32);
insert into ensemble (lesson_id, skill_level, genre, instructor_db_id, min_number_of_students, max_number_of_students) values ('12-9334523', 'Beginner', 'Punk', 7, 5, 35);
insert into ensemble (lesson_id, skill_level, genre, instructor_db_id, min_number_of_students, max_number_of_students) values ('67-6018800', 'Advanced', 'Country', 10, 9, 31);
insert into ensemble (lesson_id, skill_level, genre, instructor_db_id, min_number_of_students, max_number_of_students) values ('54-2319791', 'Intermediate', 'Rock', 1, 5, 35);
insert into ensemble (lesson_id, skill_level, genre, instructor_db_id, min_number_of_students, max_number_of_students) values ('62-8376594', 'Advanced', 'Pop', 8, 8, 32);
insert into ensemble (lesson_id, skill_level, genre, instructor_db_id, min_number_of_students, max_number_of_students) values ('27-8181447', 'Advanced', 'Country', 5, 10, 31);
insert into ensemble (lesson_id, skill_level, genre, instructor_db_id, min_number_of_students, max_number_of_students) values ('85-3193724', 'Intermediate', 'Classic', 3, 9, 31);
insert into ensemble (lesson_id, skill_level, genre, instructor_db_id, min_number_of_students, max_number_of_students) values ('55-3177449', 'Beginner', 'Rock', 6, 5, 30);

insert into group_lesson (lesson_id, skill_level, instrument, instructor_db_id, min_number_of_students, max_number_of_students) values ('35-2122119', 'Intermediate', 'Base', 2, 9, 35);
insert into group_lesson (lesson_id, skill_level, instrument, instructor_db_id, min_number_of_students, max_number_of_students) values ('38-5354425', 'Intermediate', 'Piano', 6, 8, 35);
insert into group_lesson (lesson_id, skill_level, instrument, instructor_db_id, min_number_of_students, max_number_of_students) values ('53-4822942', 'Beginner', 'Violin', 8, 9, 33);
insert into group_lesson (lesson_id, skill_level, instrument, instructor_db_id, min_number_of_students, max_number_of_students) values ('43-6132847', 'Beginner', 'Piano', 7, 6, 32);
insert into group_lesson (lesson_id, skill_level, instrument, instructor_db_id, min_number_of_students, max_number_of_students) values ('36-2395358', 'Advanced', 'Violin', 1, 8, 35);
insert into group_lesson (lesson_id, skill_level, instrument, instructor_db_id, min_number_of_students, max_number_of_students) values ('12-3404977', 'Intermediate', 'Piano', 5, 6, 33);
insert into group_lesson (lesson_id, skill_level, instrument, instructor_db_id, min_number_of_students, max_number_of_students) values ('11-2121799', 'Advanced', 'Drums', 9, 5, 31);
insert into group_lesson (lesson_id, skill_level, instrument, instructor_db_id, min_number_of_students, max_number_of_students) values ('62-2271334', 'Advanced', 'Base', 1, 7, 32);
insert into group_lesson (lesson_id, skill_level, instrument, instructor_db_id, min_number_of_students, max_number_of_students) values ('82-1643767', 'Advanced', 'Drums', 10, 10, 32);
insert into group_lesson (lesson_id, skill_level, instrument, instructor_db_id, min_number_of_students, max_number_of_students) values ('85-5755532', 'Intermediate', 'Violin', 5, 9, 33);

insert into booking_table (date, time, classroom, private_lesson_db_id, ensemble_db_id, group_lesson_db_id) values ('2022-07-16', '10:54 PM', '#daa', 3, 10, 8);
insert into booking_table (date, time, classroom, private_lesson_db_id, ensemble_db_id, group_lesson_db_id) values ('2022-02-12', '2:28 AM', '#247', 1, 4, 5);
insert into booking_table (date, time, classroom, private_lesson_db_id, ensemble_db_id, group_lesson_db_id) values ('2022-01-12', '10:33 AM', '#db1', 1, 2, 9);
insert into booking_table (date, time, classroom, private_lesson_db_id, ensemble_db_id, group_lesson_db_id) values ('2022-10-17', '3:32 PM', '#52c', 7, 9, 8);
insert into booking_table (date, time, classroom, private_lesson_db_id, ensemble_db_id, group_lesson_db_id) values ('2022-09-14', '6:21 PM', '#3f6', 3, 4, 6);
insert into booking_table (date, time, classroom, private_lesson_db_id, ensemble_db_id, group_lesson_db_id) values ('2022-05-14', '6:09 PM', '#715', 5, 1, 8);
insert into booking_table (date, time, classroom, private_lesson_db_id, ensemble_db_id, group_lesson_db_id) values ('2022-08-13', '1:51 AM', '#675', 5, 5, 8);
insert into booking_table (date, time, classroom, private_lesson_db_id, ensemble_db_id, group_lesson_db_id) values ('2022-05-02', '5:14 AM', '#d24', 4, 8, 8);
insert into booking_table (date, time, classroom, private_lesson_db_id, ensemble_db_id, group_lesson_db_id) values ('2022-01-23', '4:30 AM', '#c76', 5, 8, 8);
insert into booking_table (date, time, classroom, private_lesson_db_id, ensemble_db_id, group_lesson_db_id) values ('2022-11-09', '5:23 AM', '#f6a', 10, 2, 5);

insert into bridge_student_to_booking (student_db_id, booking_db_id) values (1, 6);
insert into bridge_student_to_booking (student_db_id, booking_db_id) values (2, 7);
insert into bridge_student_to_booking (student_db_id, booking_db_id) values (3, 1);
insert into bridge_student_to_booking (student_db_id, booking_db_id) values (4, 5);
insert into bridge_student_to_booking (student_db_id, booking_db_id) values (5, 6);
insert into bridge_student_to_booking (student_db_id, booking_db_id) values (6, 3);
insert into bridge_student_to_booking (student_db_id, booking_db_id) values (7, 5);
insert into bridge_student_to_booking (student_db_id, booking_db_id) values (8, 4);
insert into bridge_student_to_booking (student_db_id, booking_db_id) values (9, 7);
insert into bridge_student_to_booking (student_db_id, booking_db_id) values (10, 6);